category_name,avg_run_correlation,rss_position_correlation,rss_k1,rss_k2,rss_k3,rss_k4,rss_k5,rss_k6,rss_k7,rss_k8,rss_k9,rss_k10,apps_k1,apps_k2,apps_k3,apps_k4,apps_k5,apps_k6,apps_k7,apps_k8,apps_k9,apps_k10,total_apps,total_runs
AI-powered entertainment,0.8298712241336768,0.9838231355019073,0.0,0.125,0.21428571428571427,0.48148148148148157,0.5783333333333334,0.6902777777777779,0.9130952380952381,1.2009259259259257,1.4683333333333333,1.3242424242424242,3,6,11,13,18,22,24,25,26,30,30,10
