category_name,avg_run_correlation,rss_position_correlation,rss_k1,rss_k2,rss_k3,rss_k4,rss_k5,rss_k6,rss_k7,rss_k8,rss_k9,rss_k10,apps_k1,apps_k2,apps_k3,apps_k4,apps_k5,apps_k6,apps_k7,apps_k8,apps_k9,apps_k10,total_apps,total_runs
AI-powered entertainment,0.6031894567861577,0.9008528629347109,0.0,0.23333333333333334,0.330952380952381,0.6458333333333333,1.0033333333333334,0.8311965811965814,0.986111111111111,0.9259259259259259,1.0081699346405228,1.0519444444444446,5,6,10,13,14,17,19,23,26,31,31,10
