model,Average RBO
openai,0.2535819811624796
mistral,0.41465098545626894
gemini,0.2699689762688579
