{
  "n_clusters": 50,
  "silhouette_score": 0.17761269211769104,
  "calinski_harabasz_score": 48.536000045176294,
  "cluster_sizes": [
    66,
    55,
    27,
    39,
    54,
    87,
    61,
    62,
    29,
    46,
    41,
    45,
    69,
    19,
    23,
    26,
    24,
    32,
    72,
    23,
    18,
    17,
    20,
    31,
    36,
    30,
    24,
    26,
    24,
    31,
    38,
    29,
    54,
    20,
    13,
    25,
    14,
    31,
    31,
    10,
    41,
    54,
    18,
    24,
    26,
    29,
    23,
    10,
    8,
    6
  ],
  "min_cluster_size": 6,
  "max_cluster_size": 87,
  "avg_cluster_size": 33.22,
  "std_cluster_size": 17.95582356785675
}