{
  "k_values": [
    2,
    3,
    4,
    5,
    6,
    7,
    8,
    9,
    10,
    11,
    12,
    13,
    14,
    15,
    16,
    17,
    18,
    19,
    20,
    21,
    22,
    23,
    24,
    25,
    26,
    27,
    28,
    29,
    30,
    31,
    32,
    33,
    34,
    35,
    36,
    37,
    38,
    39,
    40,
    41,
    42,
    43,
    44,
    45,
    46,
    47,
    48,
    49,
    50
  ],
  "silhouette_scores": [
    0.05296887457370758,
    0.060964230448007584,
    0.08086715638637543,
    0.0956806167960167,
    0.10841914266347885,
    0.11691875010728836,
    0.13090987503528595,
    0.14075037837028503,
    0.14268137514591217,
    0.15092907845973969,
    0.15167520940303802,
    0.15856334567070007,
    0.15695562958717346,
    0.16405294835567474,
    0.168358713388443,
    0.17289240658283234,
    0.17991256713867188,
    0.17756372690200806,
    0.17762303352355957,
    0.18141581118106842,
    0.1840255856513977,
    0.1852797567844391,
    0.18289294838905334,
    0.1834043264389038,
    0.18693789839744568,
    0.17178720235824585,
    0.17430663108825684,
    0.1772821545600891,
    0.17718736827373505,
    0.17842508852481842,
    0.17977121472358704,
    0.17276617884635925,
    0.17441830039024353,
    0.1765119433403015,
    0.17262697219848633,
    0.17328806221485138,
    0.17386935651302338,
    0.17477130889892578,
    0.17595575749874115,
    0.17547081410884857,
    0.17699162662029266,
    0.17447134852409363,
    0.17413906753063202,
    0.17545194923877716,
    0.17444463074207306,
    0.17486713826656342,
    0.17590361833572388,
    0.17702139914035797,
    0.17761269211769104
  ],
  "gap_scores": [
    1.256752681934243,
    1.3062398503572545,
    1.3516654898487381,
    1.3936733919915545,
    1.4341292409974917,
    1.470321052378531,
    1.5056670992995471,
    1.533845061602591,
    1.563707446688599,
    1.5918865050387438,
    1.6182167328887278,
    1.6400537719935633,
    1.6630388227520285,
    1.6856252687472182,
    1.7046229727799593,
    1.7234194711243154,
    1.7421197674231763,
    1.7590716988414492,
    1.7732911641582607,
    1.7861083982237673,
    1.7993030635588623,
    1.8127648332708821,
    1.8268782126059282,
    1.8389680288584769,
    1.852219732588595,
    1.8631801211296946,
    1.8727448347643758,
    1.882872768894564,
    1.8922640418420755,
    1.9014544894663725,
    1.9104834306754723,
    1.9191733185644164,
    1.9276152926024004,
    1.935222307068849,
    1.9418131942071515,
    1.9494909759384145,
    1.9558551277271574,
    1.9628428042580008,
    1.9697232602752335,
    1.9768941250434668,
    1.982539633186441,
    1.9890217972196051,
    1.9959571591604908,
    2.002146335160691,
    2.0081800770421188,
    2.0126032243334606,
    2.019476400714269,
    2.0257387992205897,
    2.031554422939072
  ],
  "elbow_scores": [
    1078.4345245361328,
    1024.610221862793,
    977.7184143066406,
    935.6571655273438,
    897.2803535461426,
    863.9664306640625,
    833.3426742553711,
    808.5765914916992,
    784.0072269439697,
    761.0670909881592,
    740.1637001037598,
    722.8607444763184,
    705.7962169647217,
    689.1236400604248,
    675.3524236679077,
    662.0614309310913,
    648.9024600982666,
    637.0702037811279,
    627.4764556884766,
    618.3940086364746,
    609.5762615203857,
    600.8273086547852,
    592.3172402381897,
    583.8406262397766,
    575.459237575531,
    568.4570145606995,
    562.3092169761658,
    556.1805453300476,
    550.42387342453,
    544.692241191864,
    539.0913453102112,
    533.9126734733582,
    528.7639307975769,
    524.1779217720032,
    519.9055371284485,
    515.7841930389404,
    511.7496500015259,
    507.72228145599365,
    503.7120945453644,
    499.7516996860504,
    495.9985873699188,
    492.2525475025177,
    488.53181433677673,
    484.821236371994,
    481.44893193244934,
    478.1041338443756,
    474.7790925502777,
    471.48406195640564,
    468.2765318751335
  ],
  "ch_scores": [
    124.82499240285668,
    109.20018329370484,
    102.73571820858375,
    99.07780474787953,
    96.75930733118128,
    94.3208051479083,
    92.44449167177967,
    89.64100191968454,
    87.8770165633087,
    86.39731465880176,
    84.94591599844604,
    82.96994252200881,
    81.45487983102161,
    80.26409610082061,
    78.63051215371054,
    77.21298028998798,
    76.05950970896826,
    74.81787706470614,
    73.2405055858161,
    71.76171315678147,
    70.41982894235211,
    69.24029846725536,
    68.1629740107815,
    67.22046230140329,
    66.38403966898082,
    65.35168663823816,
    64.24160585524523,
    63.23378305306193,
    62.2422459096914,
    61.33508393104735,
    60.48237680404359,
    59.61776021842806,
    58.81831028236663,
    57.97083404859501,
    57.123909861946686,
    56.30690895165918,
    55.52883880389154,
    54.801432788846405,
    54.119090710656586,
    53.47241247410663,
    52.82930186595423,
    52.22498980438284,
    51.653594417111755,
    51.11563017282505,
    50.55004842550185,
    50.011725283188184,
    49.50025267692066,
    49.012172216436916,
    48.536000045176294
  ],
  "aggregated_scores": [
    0.25,
    0.25173857489026136,
    0.3015655121522376,
    0.348010078294395,
    0.3929614801750415,
    0.4261591005980695,
    0.4700716189319266,
    0.49848733053772276,
    0.5160124682859597,
    0.5450461383845142,
    0.5587427765179698,
    0.5792569991165659,
    0.5857002419391049,
    0.6091614280382478,
    0.6236154962379377,
    0.6389412100313607,
    0.6596871348062641,
    0.6615529061985943,
    0.6650134545684627,
    0.675102156805308,
    0.6834452147607515,
    0.6898486249451896,
    0.6899048852142858,
    0.6951446088313411,
    0.7067075863352352,
    0.6814573237578179,
    0.6881262027137671,
    0.696155200951917,
    0.698117943242673,
    0.7027687121512374,
    0.7076945496942452,
    0.6967148358154116,
    0.7020115718434096,
    0.7074748605423786,
    0.7013268821209677,
    0.7040492024771405,
    0.706290767118721,
    0.7094949786747475,
    0.713332402663684,
    0.7142447338736854,
    0.7183346130263897,
    0.71527759062238,
    0.7165473353242258,
    0.7207517482203298,
    0.7203471635451785,
    0.7221691727292671,
    0.7260073311911537,
    0.7298644978173046,
    0.7325982004404068
  ],
  "optimal_k": 50
}