{
  "k_values": [
    2,
    3,
    4,
    5,
    6,
    7,
    8,
    9,
    10,
    11,
    12,
    13,
    14,
    15,
    16,
    17,
    18,
    19,
    20,
    21,
    22,
    23,
    24,
    25,
    26,
    27,
    28,
    29,
    30,
    31,
    32,
    33,
    34,
    35,
    36,
    37,
    38,
    39,
    40,
    41,
    42,
    43,
    44,
    45,
    46,
    47,
    48,
    49,
    50
  ],
  "silhouette_scores": [
    0.09100698679685593,
    0.1082109734416008,
    0.13908913731575012,
    0.1653335839509964,
    0.18391700088977814,
    0.20174174010753632,
    0.21493613719940186,
    0.22136510908603668,
    0.22781260311603546,
    0.22557850182056427,
    0.23187899589538574,
    0.2367803454399109,
    0.24156732857227325,
    0.22113825380802155,
    0.22644037008285522,
    0.21060959994792938,
    0.2062242180109024,
    0.2084302306175232,
    0.2125442773103714,
    0.20418119430541992,
    0.20700067281723022,
    0.2088613659143448,
    0.21199685335159302,
    0.21606799960136414,
    0.21608787775039673,
    0.2118099182844162,
    0.21064600348472595,
    0.21179647743701935,
    0.20466098189353943,
    0.20517441630363464,
    0.19426044821739197,
    0.19643859565258026,
    0.19896067678928375,
    0.19878756999969482,
    0.19067181646823883,
    0.19069094955921173,
    0.1832924783229828,
    0.17932450771331787,
    0.18051952123641968,
    0.18235944211483002,
    0.18463201820850372,
    0.18591175973415375,
    0.18849191069602966,
    0.19035495817661285,
    0.19259920716285706,
    0.1925903707742691,
    0.19422294199466705,
    0.19110748171806335,
    0.19117218255996704
  ],
  "gap_scores": [
    1.2801913326317393,
    1.3553895761205572,
    1.4318484405791132,
    1.5046733714423741,
    1.5682111062551538,
    1.6234789934528893,
    1.6701259009891514,
    1.6973465893086548,
    1.7246661415045024,
    1.7509736296844665,
    1.7749148866914837,
    1.7979814353812547,
    1.820375233971589,
    1.8411358107717417,
    1.8583142289283856,
    1.8762709455332223,
    1.8949169326358843,
    1.9127872297329302,
    1.928767902514135,
    1.9442284430229027,
    1.9604272533172429,
    1.9762090341844711,
    1.9913325156002637,
    2.002258532730772,
    2.0139866752281055,
    2.024957868029695,
    2.0352302099834763,
    2.045288895585494,
    2.0559218191220587,
    2.0655095733300195,
    2.075537064628848,
    2.0853603956801283,
    2.0949333422828875,
    2.104373281379159,
    2.1131311809544178,
    2.1228570892469616,
    2.1313328437908323,
    2.1405643547712145,
    2.1486417350448193,
    2.157269993273969,
    2.1661289471220497,
    2.1744860689643986,
    2.182352844608417,
    2.1910643176632734,
    2.199289846324259,
    2.206903684259075,
    2.2135140957178407,
    2.220371494317855,
    2.2261074761003927
  ],
  "elbow_scores": [
    1159.5874252319336,
    1073.242332458496,
    993.5426559448242,
    922.2410736083984,
    863.7940864562988,
    817.3908996582031,
    778.7665786743164,
    756.5844802856445,
    735.5056324005127,
    715.1044664382935,
    697.1578912734985,
    680.6128444671631,
    665.1822109222412,
    650.9264621734619,
    638.6072378158569,
    626.4401731491089,
    614.5696516036987,
    602.892481803894,
    592.5430507659912,
    582.5797748565674,
    572.8154611587524,
    563.3718729019165,
    554.2280263900757,
    547.2456111907959,
    540.7042484283447,
    534.2661933898926,
    528.1115798950195,
    522.1675062179565,
    516.2708053588867,
    510.61457347869873,
    505.0910978317261,
    499.6133852005005,
    494.3866834640503,
    489.3258457183838,
    484.30467891693115,
    479.38689613342285,
    474.6383476257324,
    470.0529098510742,
    465.5352325439453,
    461.1511116027832,
    456.84131717681885,
    452.55262565612793,
    448.278089761734,
    444.19651436805725,
    440.1215524673462,
    436.33108711242676,
    432.87316703796387,
    429.63608264923096,
    426.4851932525635
  ],
  "ch_scores": [
    202.55513231043486,
    185.5162935598059,
    184.11860003121754,
    185.23633263090593,
    183.70897636255214,
    179.56921304473872,
    174.8416973954677,
    164.30399920288048,
    156.15962564782362,
    149.85428138756464,
    144.0729461141607,
    139.01997729011376,
    134.5915603965042,
    130.5896321665362,
    126.5866160822645,
    123.19650940086015,
    120.26010234494782,
    117.73691077890345,
    115.15249418715517,
    112.80974248304625,
    110.7321461656024,
    108.8404166393699,
    107.11215939118159,
    104.8980258816816,
    102.77083050514254,
    100.82164061050567,
    98.9726962480148,
    97.23173151456318,
    95.63524223458744,
    94.11001560289888,
    92.67834146515077,
    91.35611610814783,
    90.0727755668641,
    88.84641302115551,
    87.70688154092795,
    86.62874810625455,
    85.58728656170031,
    84.579364436044,
    83.62741209523652,
    82.70842317940402,
    81.83506273013965,
    81.01827234378803,
    80.25628303975344,
    79.49677636109696,
    78.78811723232626,
    78.05205662744682,
    77.27405998410188,
    76.48294210218921,
    75.71306225831405
  ],
  "aggregated_scores": [
    0.25,
    0.2943033663806425,
    0.39020718272602284,
    0.4795503454669091,
    0.5441211164097614,
    0.5959903999103155,
    0.6340815321328194,
    0.638746020336693,
    0.6478082870110374,
    0.64558114150118,
    0.6570957190926174,
    0.6670135392969396,
    0.6774146153781715,
    0.645953604918961,
    0.655609002540344,
    0.6315358705576939,
    0.6274426470108456,
    0.6348376749536195,
    0.6443280441697214,
    0.6333077711646903,
    0.6415055961200347,
    0.648258154800842,
    0.6571734481991844,
    0.6648382626997905,
    0.6660090538022743,
    0.6601590091306987,
    0.6593959311457783,
    0.662560375244015,
    0.6523866167388258,
    0.6546958589969801,
    0.6382856557844514,
    0.6437605831402644,
    0.6497314637279403,
    0.6512476641754176,
    0.6395527508775264,
    0.6417071127370515,
    0.6312289742689613,
    0.6266572662297726,
    0.6304407006631193,
    0.6354599954961568,
    0.6413232467664216,
    0.6455096072644223,
    0.651828837908273,
    0.6571196854724038,
    0.6630130352713652,
    0.6648525188135789,
    0.6689562421180835,
    0.6651401513916311,
    0.6663206815719604
  ],
  "optimal_k": 14
}