model,Average RBO
openai,0.33698855951200274
mistral,0.6231645400188845
gemini,0.40027708639574816
