model1,model2,rbo_mean,rbo_std,n_features
anthropic,mistral,0.5926998220238121,0.24853458162648062,16
gemini,anthropic,0.5952444246190773,0.20578042022964543,16
gemini,mistral,0.4774818265478482,0.24518231820553585,16
openai,anthropic,0.6433552065752303,0.15171611640879754,16
openai,gemini,0.6238603785888178,0.17879932921284317,16
openai,mistral,0.5272286227076433,0.2427097765262435,16
