model,rbo_mean,rbo_std,n_features
anthropic,0.8794910177851645,0.08743299063857174,16
gemini,0.7458208650163335,0.1609683044698362,16
mistral,0.8988557652156375,0.09543360054278811,16
openai,0.7689351856239092,0.12671966764677772,16
