,anthropic,gemini,mistral,openai,perplexity,AVERAGE
anthropic,1.0,0.24944181301707802,0.3891239399898685,0.2720464881354422,0.22979938326353347,0.4280823248811845
gemini,0.24944181301707802,1.0,0.243450598524042,0.26324795448282223,0.23723425147571742,0.398674923499932
mistral,0.3891239399898685,0.243450598524042,1.0,0.2920623350721103,0.23602655343911655,0.4321326854050275
openai,0.2720464881354422,0.26324795448282223,0.2920623350721103,1.0,0.24049133908957465,0.4135696233559899
perplexity,0.22979938326353347,0.23723425147571742,0.23602655343911655,0.24049133908957465,1.0,0.3887103054535884
,,,,,,
AVERAGE,0.4280823248811845,0.398674923499932,0.4321326854050275,0.4135696233559899,0.3887103054535884,0.4122339725191444
