,anthropic,gemini,mistral,openai,perplexity
anthropic,1.0,0.43074118173900533,0.5842121783281533,0.4621359226354477,0.3130911055456072
gemini,0.43074118173900533,1.0,0.4154606997911715,0.43191893765006906,0.3679691879155492
mistral,0.5842121783281533,0.4154606997911715,1.0,0.45528101475274635,0.2974294593091389
openai,0.4621359226354477,0.43191893765006906,0.45528101475274635,1.0,0.34369844413488027
perplexity,0.3130911055456072,0.3679691879155492,0.2974294593091389,0.34369844413488027,1.0
