,anthropic,gemini,mistral,openai,perplexity,AVERAGE
anthropic,1.0,0.43074118173900533,0.5842121783281533,0.4621359226354477,0.3130911055456072,0.5580360776496427
gemini,0.43074118173900533,1.0,0.4154606997911715,0.43191893765006906,0.3679691879155492,0.5292180014191591
mistral,0.5842121783281533,0.4154606997911715,1.0,0.45528101475274635,0.2974294593091389,0.550476670436242
openai,0.4621359226354477,0.43191893765006906,0.45528101475274635,1.0,0.34369844413488027,0.5386068638346286
perplexity,0.3130911055456072,0.3679691879155492,0.2974294593091389,0.34369844413488027,1.0,0.4644376393810351
,,,,,,
AVERAGE,0.5580360776496427,0.5292180014191591,0.550476670436242,0.5386068638346286,0.4644376393810351,0.5281550505441415
