,UC1,UC2
Adidas Running,3.0,8.0
Endomondo,5.0,5.7
Fitbit,9.5,8.714285714285714
Garmin Connect,8.666666666666666,8.666666666666666
Google Fit,8.166666666666666,8.428571428571429
Map My Run,3.3,3.6
MyFitnessPal,7.0,6.777777777777778
Nike Run Club,2.0,2.3
Pacer Pedometer,7.625,7.25
Pumatrac,0.0,8.0
Runkeeper,4.9,4.5
Runtastic,5.8,5.8
Samsung Health,9.666666666666666,10.0
Sports Tracker,9.0,0.0
Strava,1.0,1.0
Under Armour Record,10.0,8.666666666666666
"Zombies, Run!",10.0,6.0
Zwift,8.0,8.5
