{
  "k_values": [
    2,
    3,
    4,
    5,
    6,
    7,
    8,
    9,
    10,
    11,
    12,
    13,
    14,
    15,
    16,
    17,
    18,
    19,
    20,
    21,
    22,
    23,
    24,
    25,
    26,
    27,
    28,
    29,
    30,
    31,
    32,
    33,
    34,
    35,
    36,
    37,
    38,
    39,
    40,
    41,
    42,
    43,
    44,
    45,
    46,
    47,
    48,
    49,
    50
  ],
  "silhouette_scores": [
    0.08922343701124191,
    0.11384227126836777,
    0.14020337164402008,
    0.1575174480676651,
    0.1830638200044632,
    0.19888193905353546,
    0.2137925773859024,
    0.21553561091423035,
    0.2180171012878418,
    0.22499318420886993,
    0.2237812727689743,
    0.22911019623279572,
    0.2351495325565338,
    0.24111509323120117,
    0.2204200029373169,
    0.22501854598522186,
    0.2079533338546753,
    0.21178609132766724,
    0.21624590456485748,
    0.21236062049865723,
    0.21530525386333466,
    0.2128039300441742,
    0.20514768362045288,
    0.20594675838947296,
    0.2100502848625183,
    0.21097081899642944,
    0.20571468770503998,
    0.20693464577198029,
    0.20894739031791687,
    0.20944799482822418,
    0.21100983023643494,
    0.20357611775398254,
    0.20675192773342133,
    0.2078392505645752,
    0.21029122173786163,
    0.20515725016593933,
    0.20753547549247742,
    0.20975342392921448,
    0.20311489701271057,
    0.20497456192970276,
    0.20150704681873322,
    0.19545027613639832,
    0.19640952348709106,
    0.19831380248069763,
    0.19981661438941956,
    0.1946859061717987,
    0.1937434822320938,
    0.19505390524864197,
    0.1964615434408188
  ],
  "gap_scores": [
    1.28053633880236,
    1.3573020366761757,
    1.4289049300318126,
    1.5014180188730624,
    1.5685190187520766,
    1.617930042209732,
    1.6668209360653696,
    1.6930333474518084,
    1.7190202543470887,
    1.7455670207943648,
    1.7698922191142055,
    1.79211344559097,
    1.8149064925343543,
    1.8370534410716388,
    1.858328805179485,
    1.877769873372177,
    1.8958281785971165,
    1.9139902308691488,
    1.9315645116876174,
    1.948834881278267,
    1.9655956876118452,
    1.98188741146791,
    1.9974074316791857,
    2.011712402449966,
    2.025184087229258,
    2.037138475035615,
    2.0484162250496976,
    2.058757223110314,
    2.0696402245176984,
    2.079817755857108,
    2.0903322378242866,
    2.100609530492461,
    2.1094775343604644,
    2.1183114702925074,
    2.1273174227250857,
    2.135566422139549,
    2.14429144015691,
    2.1525298564427926,
    2.1617782522144484,
    2.169544098773894,
    2.1776086116746605,
    2.185204333125604,
    2.193359151233704,
    2.2003493424451177,
    2.2076224504841884,
    2.2148102312816533,
    2.2215837364310627,
    2.2277794771594053,
    2.2352389671726796
  ],
  "elbow_scores": [
    1134.4421081542969,
    1048.525405883789,
    974.6345977783203,
    906.0623207092285,
    845.5430030822754,
    804.2982902526855,
    764.8775444030762,
    743.38929271698,
    723.3630228042603,
    704.1759386062622,
    686.3877820968628,
    669.9706811904907,
    654.4048433303833,
    639.4267168045044,
    625.1986131668091,
    612.6451406478882,
    600.9137487411499,
    589.2374033927917,
    578.2807145118713,
    567.8981251716614,
    557.6190056800842,
    548.1584057807922,
    539.0300526618958,
    530.73579454422,
    522.9624264240265,
    516.3842403888702,
    510.20351338386536,
    504.1390030384064,
    498.2973840236664,
    492.4872052669525,
    486.9757082462311,
    481.46511006355286,
    476.69016337394714,
    471.9216163158417,
    467.34246134757996,
    462.8355567455292,
    458.5087697505951,
    454.21238923072815,
    449.9914782047272,
    445.88157200813293,
    441.84982657432556,
    438.0211489200592,
    434.31061816215515,
    430.66404032707214,
    427.0766668319702,
    423.61194896698,
    420.25462889671326,
    417.0379934310913,
    413.8607249259949
  ],
  "ch_scores": [
    198.1654901397826,
    184.7016428362815,
    180.21302989072834,
    181.09053831755358,
    182.21467919366398,
    175.69255961850214,
    172.17186203544495,
    161.74111105372344,
    153.4733757635405,
    146.95057069921342,
    141.41945469115223,
    136.5857160354989,
    132.45304545972044,
    128.95345569433476,
    125.88246222558507,
    122.77530922047546,
    119.90310448910179,
    117.49070141289091,
    115.22625819738765,
    113.12080166977526,
    111.30655618462002,
    109.49255877490434,
    107.82710538175155,
    106.11145981657693,
    104.43774372018846,
    102.5615114768367,
    100.74401768383468,
    99.06410442660187,
    97.47189174241394,
    96.01676310975972,
    94.6012347073655,
    93.31047976891749,
    91.90538536069631,
    90.60831622466033,
    89.35489606028696,
    88.17442565183184,
    87.02820412790945,
    85.95572872277295,
    84.93819283084962,
    83.96051102965112,
    83.02817594422444,
    82.10131132255547,
    81.20141835135342,
    80.34085911393247,
    79.51789054234455,
    78.71184555463195,
    77.92467263577691,
    77.14494215952004,
    76.39871702235264
  ],
  "aggregated_scores": [
    0.25,
    0.3127878039687076,
    0.39134608874428,
    0.46442413088120654,
    0.5473470099444149,
    0.5872399946749682,
    0.6310325689520991,
    0.626805204173208,
    0.6276679221957646,
    0.6393663337962444,
    0.6385569676449842,
    0.6489183912155971,
    0.6617428296306114,
    0.6753725596343292,
    0.6455127650215261,
    0.6561484571947793,
    0.6309625849698303,
    0.641125004709981,
    0.6522196919350862,
    0.6496267392407404,
    0.6587037912532715,
    0.6584109540966211,
    0.6496212159975996,
    0.6540375716711772,
    0.6635799230894514,
    0.6666555713615726,
    0.6593705072910849,
    0.6627413595067111,
    0.6676617197175765,
    0.6701790328654982,
    0.6745089578519539,
    0.6642267649985311,
    0.6705478821193314,
    0.6736421707353986,
    0.6790515084532616,
    0.6719015636721395,
    0.6772484836052878,
    0.6823450452097412,
    0.673215723231763,
    0.6777287638539952,
    0.6736179312941553,
    0.665063431517609,
    0.6682174674927077,
    0.672680543499037,
    0.6766135496943678,
    0.6695982332441882,
    0.6693694499094281,
    0.6726638329930188,
    0.6765042841434479
  ],
  "optimal_k": 39
}