{
  "n_clusters": 39,
  "silhouette_score": 0.20975342392921448,
  "calinski_harabasz_score": 85.95572872277295,
  "cluster_sizes": [
    167,
    141,
    89,
    79,
    91,
    18,
    52,
    51,
    61,
    44,
    107,
    54,
    59,
    27,
    21,
    37,
    30,
    19,
    30,
    25,
    34,
    34,
    43,
    58,
    37,
    25,
    41,
    33,
    27,
    30,
    17,
    32,
    80,
    25,
    76,
    15,
    35,
    42,
    10
  ],
  "min_cluster_size": 10,
  "max_cluster_size": 167,
  "avg_cluster_size": 48.61538461538461,
  "std_cluster_size": 33.528109435039255
}