category_name,avg_run_correlation,rss_position_correlation,rss_k1,rss_k2,rss_k3,rss_k4,rss_k5,rss_k6,rss_k7,rss_k8,rss_k9,rss_k10,apps_k1,apps_k2,apps_k3,apps_k4,apps_k5,apps_k6,apps_k7,apps_k8,apps_k9,apps_k10,total_apps,total_runs
AI-powered education,0.4931914581199726,0.8981284652759003,0.0,0.1083333333333333,0.1149999999999999,0.2027116402116402,0.1351410934744268,0.156024531024531,0.318287037037037,0.4861111111111111,0.4212962962962963,0.3717320261437908,3,4,6,7,10,12,13,14,16,18,18,10
AI-powered education,0.4748955318593916,0.8995222976160152,0.0,0.1037037037037037,0.11222222222222222,0.20039682539682543,0.1335978835978836,0.15476190476190477,0.3171296296296296,0.48504273504273504,0.42037037037037034,0.3709150326797386,2,3,5,6,9,11,12,13,15,17,17,10
