model,Average RBO
anthropic,0.6191864729664984
gemini,0.47195168215521044
mistral,0.6881385215047207
openai,0.4191713989601063
perplexity,0.2939176122769518
