model,Average RBO
openai,0.395286697549248
mistral,0.6463630338605528
gemini,0.4208309461928674
