model1,model2,rbo_mean,rbo_std,n_features
anthropic,mistral,0.5701226241762202,0.24371942838102326,99
gemini,anthropic,0.5740160280622887,0.19296336696537827,99
gemini,mistral,0.5087825794892195,0.2169030939850852,99
openai,anthropic,0.6022168706903909,0.20987561017013467,99
openai,gemini,0.5739351557261172,0.19566382725597403,99
openai,mistral,0.5578919568124683,0.21423339938427374,99
