model,rbo_mean,rbo_std,n_features
anthropic,0.8639496144515585,0.13290818872068333,99
gemini,0.7194402796216972,0.14811076194319062,99
mistral,0.8829792112544823,0.11807018776488035,99
openai,0.7478175701311071,0.15141620277153905,99
