{
  "n_clusters": 43,
  "silhouette_score": 0.0909840315580368,
  "calinski_harabasz_score": 339.7171538275048,
  "cluster_sizes": [
    1412,
    418,
    812,
    1009,
    1657,
    1011,
    551,
    953,
    309,
    311,
    874,
    473,
    739,
    571,
    488,
    693,
    505,
    508,
    577,
    416,
    431,
    375,
    879,
    552,
    925,
    485,
    567,
    847,
    410,
    252,
    235,
    447,
    340,
    399,
    319,
    326,
    240,
    210,
    305,
    210,
    177,
    449,
    300
  ],
  "min_cluster_size": 177,
  "max_cluster_size": 1657,
  "avg_cluster_size": 557.3720930232558,
  "std_cluster_size": 317.0020191598678
}