{
  "k_values": [
    2,
    3,
    4,
    5,
    6,
    7,
    8,
    9,
    10,
    11,
    12,
    13,
    14,
    15,
    16,
    17,
    18,
    19,
    20,
    21,
    22,
    23,
    24,
    25,
    26,
    27,
    28,
    29,
    30,
    31,
    32,
    33,
    34,
    35,
    36,
    37,
    38,
    39,
    40,
    41,
    42,
    43,
    44,
    45,
    46,
    47,
    48,
    49,
    50
  ],
  "silhouette_scores": [
    0.03222411498427391,
    0.03966788575053215,
    0.042179007083177567,
    0.03422052040696144,
    0.03268461674451828,
    0.04129685088992119,
    0.04467117786407471,
    0.05159677192568779,
    0.056374307721853256,
    0.05720596760511398,
    0.06248541921377182,
    0.06751459836959839,
    0.07165893912315369,
    0.07542947679758072,
    0.07768434286117554,
    0.08045826852321625,
    0.0834803581237793,
    0.0807793065905571,
    0.08182642608880997,
    0.08424358814954758,
    0.08511944115161896,
    0.08774404227733612,
    0.08584005385637283,
    0.08809923380613327,
    0.08957423269748688,
    0.08041422814130783,
    0.07664382457733154,
    0.07724161446094513,
    0.07834577560424805,
    0.08006837964057922,
    0.08049513399600983,
    0.08208124339580536,
    0.0828278511762619,
    0.08436387777328491,
    0.08500080555677414,
    0.08648084849119186,
    0.08798249065876007,
    0.0884975865483284,
    0.08915291726589203,
    0.08969831466674805,
    0.09100925922393799,
    0.0909840315580368,
    0.08011533319950104,
    0.08128605782985687,
    0.07930444180965424,
    0.07943866401910782,
    0.0803874135017395,
    0.0760292261838913,
    0.07678994536399841
  ],
  "gap_scores": [
    1.629413547817844,
    1.6595826974781165,
    1.6869255506564969,
    1.709699003082184,
    1.731717483745328,
    1.7523975702289434,
    1.7703187269613583,
    1.7878566359361567,
    1.8020441246530066,
    1.8158344147991752,
    1.8294525408734188,
    1.8419791562288594,
    1.8548691725696766,
    1.8661720481749118,
    1.8766682824244043,
    1.8859859711866847,
    1.8948947162757062,
    1.9032065012044939,
    1.91166835838769,
    1.9197882953003838,
    1.927244561339604,
    1.9344877293495344,
    1.9411477291197947,
    1.9478363642950605,
    1.954515537900841,
    1.960654298271633,
    1.9667487842847393,
    1.972345986421919,
    1.9779260548448239,
    1.9831375332659444,
    1.9885487667825572,
    1.9938837419897926,
    1.9990747652745728,
    2.0044183939543068,
    2.0093901450754057,
    2.0144901796173347,
    2.0195798693134215,
    2.024487125741457,
    2.0290350410121043,
    2.033185762222482,
    2.0373725613931892,
    2.0415230636139725,
    2.0453989137548696,
    2.0491477319308196,
    2.0532308896392593,
    2.056865792343231,
    2.0605337356294555,
    2.064255203271637,
    2.0677639825786436
  ],
  "elbow_scores": [
    17407.928344726562,
    16887.744262695312,
    16428.550170898438,
    16056.53466796875,
    15704.187255859375,
    15377.310791015625,
    15102.543701171875,
    14837.21826171875,
    14626.341125488281,
    14422.439178466797,
    14224.722381591797,
    14044.83529663086,
    13864.974853515625,
    13703.418273925781,
    13559.94351196289,
    13431.144439697266,
    13308.670318603516,
    13195.893287658691,
    13084.34058380127,
    12977.057487487793,
    12877.377388000488,
    12782.712409973145,
    12696.135429382324,
    12609.842887878418,
    12523.614158630371,
    12443.92961883545,
    12367.668418884277,
    12296.471717834473,
    12226.361862182617,
    12158.610610961914,
    12092.192153930664,
    12026.97201538086,
    11961.799514770508,
    11897.45930480957,
    11834.47526550293,
    11772.820449829102,
    11712.617156982422,
    11655.209381103516,
    11600.326194763184,
    11549.18745803833,
    11499.399738311768,
    11450.381343841553,
    11404.462543487549,
    11358.646793365479,
    11314.17238998413,
    11270.019588470459,
    11226.27388381958,
    11182.968509674072,
    11141.37643814087
  ],
  "ch_scores": [
    1199.623826318022,
    987.3313424241475,
    899.8513952868956,
    829.2941759131844,
    785.8125709746904,
    753.6224968625072,
    719.9579402697638,
    694.7536574845664,
    664.8146364026752,
    640.6355461143316,
    620.7358402421783,
    601.8390396561693,
    586.6288535292141,
    571.2960458764823,
    555.7236000640277,
    540.3193493539069,
    526.1585066536958,
    512.5239505793747,
    500.4136406423935,
    489.2013134169179,
    478.3191032889084,
    467.9994982265448,
    457.7842251710013,
    448.5203768687737,
    440.11974991752163,
    431.78032758700516,
    423.80192403156224,
    415.96519578004387,
    408.6409066930984,
    401.6500419784814,
    395.0531054198002,
    388.82290546596647,
    383.0302184017953,
    377.56599505676576,
    372.3539433260619,
    367.37262282687595,
    362.5901071929102,
    357.8738869064838,
    353.2353764529734,
    348.56358066560597,
    344.0465577105404,
    339.7171538275048,
    335.3789377255473,
    331.25793256710324,
    327.2457993800486,
    323.40972691548194,
    319.73190810701294,
    316.1996506882027,
    312.712062547031
  ],
  "aggregated_scores": [
    0.25,
    0.25977479317243746,
    0.2797088681119619,
    0.25380423026360116,
    0.2616301632710591,
    0.314017208378749,
    0.3400606463650301,
    0.3829963350171905,
    0.4113792136253566,
    0.42409996284860824,
    0.4565974829090578,
    0.4869795311127477,
    0.514843937864041,
    0.5394486662245384,
    0.5563586299291655,
    0.5742658369041049,
    0.5930933481643159,
    0.5870026612586273,
    0.5973184845612567,
    0.6133485943869139,
    0.6222350783825978,
    0.6383955890745205,
    0.6346711554993646,
    0.6489249286711449,
    0.6600791278099819,
    0.6254530218249824,
    0.613687613790946,
    0.6200534198988036,
    0.6286640410326543,
    0.6396944223530391,
    0.6453856402614705,
    0.6560194163176989,
    0.663122304128996,
    0.6737288252232128,
    0.6803165820885166,
    0.690575087870276,
    0.7009176754943007,
    0.7068678086454696,
    0.7131305941993292,
    0.718540563378807,
    0.7272165325987344,
    0.7302115560980615,
    0.6868089527250254,
    0.6945919871355513,
    0.689136676204166,
    0.6924606992613997,
    0.6992959316561372,
    0.6836159444270171,
    0.6895284503698349
  ],
  "optimal_k": 43
}