category_name,avg_run_correlation,rss_position_correlation,rss_k1,rss_k2,rss_k3,rss_k4,rss_k5,rss_k6,rss_k7,rss_k8,rss_k9,rss_k10,apps_k1,apps_k2,apps_k3,apps_k4,apps_k5,apps_k6,apps_k7,apps_k8,apps_k9,apps_k10,total_apps,total_runs
AI-powered productivity,0.7882628299790628,0.978317473816064,0.0,0.0,0.3055555555555556,0.3244444444444444,0.891358024691358,1.1980555555555554,1.630808080808081,1.6408730158730158,1.7484567901234567,1.9761111111111114,1,3,7,12,13,18,21,25,28,31,31,10
