model,rbo_mean,rbo_std,n_features
deepseekr1_8b,0.686107774893181,0.1428103205941627,16
gemma3_4b,0.6956602872348847,0.17365792255314633,16
gptoss20b,0.6002925853716341,0.19888995741692717,16
llama31_8b,0.5651991484378642,0.17001692931032833,16
mistral_open,0.6944434224642265,0.2269217850452931,11
qwen3_8b,0.6487951173928319,0.11251494187782136,16
