category_name,avg_run_correlation,rss_position_correlation,rss_k1,rss_k2,rss_k3,rss_k4,rss_k5,rss_k6,rss_k7,rss_k8,rss_k9,rss_k10,apps_k1,apps_k2,apps_k3,apps_k4,apps_k5,apps_k6,apps_k7,apps_k8,apps_k9,apps_k10,total_apps,total_runs
AI-powered education,0.9369095570918524,0.9191086730428648,0.0,0.3148148148148148,0.2361111111111111,0.1888888888888888,0.2063492063492063,0.419753086419753,0.9332611832611832,0.9191697191697192,0.9843915343915344,1.062169312169312,3,4,7,10,15,18,21,23,27,32,32,10
AI-powered education,0.94299818982765,0.9151197236651096,0.0,0.2936507936507936,0.1957671957671957,0.1468253968253968,0.1812169312169312,0.427579365079365,0.9908730158730158,0.966005291005291,1.0291950113378685,1.1125283446712018,3,4,7,10,15,18,21,23,27,32,32,10
AI-powered education,,0.8974388048982019,0.0,0.4444444444444444,0.2962962962962963,0.2222222222222222,0.23148148148148148,0.46527777777777773,1.021031746031746,0.991137566137566,1.050736961451247,1.1340702947845804,2,2,5,8,13,16,19,21,25,30,30,10
