category_name,avg_run_correlation,rss_position_correlation,rss_k1,rss_k2,rss_k3,rss_k4,rss_k5,rss_k6,rss_k7,rss_k8,rss_k9,rss_k10,apps_k1,apps_k2,apps_k3,apps_k4,apps_k5,apps_k6,apps_k7,apps_k8,apps_k9,apps_k10,total_apps,total_runs
AI-powered productivity,0.8796638305400816,0.9011899742052478,0.0,0.0,0.2326388888888889,0.1550925925925926,0.1163194444444444,0.2422839506172839,0.4103535353535353,0.4117063492063492,0.4675925925925925,0.8720760233918128,2,4,5,8,11,12,14,17,20,21,21,10
AI-powered productivity,0.9042897530655881,0.8902085236812111,0.0,0.0,0.3101851851851852,0.18611111111111112,0.13293650793650794,0.2725694444444444,0.45138888888888884,0.44337606837606836,0.5009920634920635,0.9205246913580246,1,3,4,7,10,11,13,16,19,20,20,10
