model,Average RBO
openai,0.3205687723911004
mistral,0.5906594515429677
gemini,0.38177865501017133
