model,Average RBO
anthropic,0.5886183309596844
gemini,0.44642804648699974
mistral,0.6441427247662869
openai,0.363684154068069
perplexity,0.23182834867075663
