model,Average RBO
openai,0.3023026315789474
mistral,0.4986842105263158
gemini,0.33709055320897424
