{
  "n_clusters": 40,
  "silhouette_score": 0.1401796191930771,
  "calinski_harabasz_score": 78.67242498394346,
  "cluster_sizes": [
    250,
    48,
    270,
    136,
    171,
    177,
    52,
    135,
    44,
    144,
    102,
    63,
    136,
    69,
    55,
    72,
    48,
    74,
    76,
    66,
    65,
    75,
    60,
    59,
    82,
    71,
    77,
    67,
    221,
    22,
    29,
    36,
    38,
    85,
    24,
    49,
    35,
    54,
    46,
    37
  ],
  "min_cluster_size": 22,
  "max_cluster_size": 270,
  "avg_cluster_size": 85.5,
  "std_cluster_size": 59.48949487094339
}