{
  "k_values": [
    2,
    3,
    4,
    5,
    6,
    7,
    8,
    9,
    10,
    11,
    12,
    13,
    14,
    15,
    16,
    17,
    18,
    19,
    20,
    21,
    22,
    23,
    24,
    25,
    26,
    27,
    28,
    29,
    30,
    31,
    32,
    33,
    34,
    35,
    36,
    37,
    38,
    39,
    40,
    41,
    42,
    43,
    44,
    45,
    46,
    47,
    48,
    49,
    50
  ],
  "silhouette_scores": [
    0.059025637805461884,
    0.05687840282917023,
    0.050628531724214554,
    0.06470503658056259,
    0.07700686156749725,
    0.08151385188102722,
    0.09382443130016327,
    0.09985774755477905,
    0.10290387272834778,
    0.10962747782468796,
    0.11611302942037582,
    0.12148924171924591,
    0.1265750676393509,
    0.1258452981710434,
    0.13006120920181274,
    0.13274233043193817,
    0.1336846798658371,
    0.13480117917060852,
    0.13739332556724548,
    0.13371498882770538,
    0.1346927434206009,
    0.1374858021736145,
    0.1397029012441635,
    0.1415969729423523,
    0.13888905942440033,
    0.12993215024471283,
    0.13204197585582733,
    0.13192109763622284,
    0.13384003937244415,
    0.13598136603832245,
    0.13705667853355408,
    0.13427087664604187,
    0.13393563032150269,
    0.13564532995224,
    0.1370900720357895,
    0.13826030492782593,
    0.13831457495689392,
    0.1392979621887207,
    0.1401796191930771,
    0.13583169877529144,
    0.12273456156253815,
    0.12313861399888992,
    0.12427061051130295,
    0.1251804232597351,
    0.1201477199792862,
    0.11716599762439728,
    0.11831725388765335,
    0.11752518266439438,
    0.11518386006355286
  ],
  "gap_scores": [
    1.3985346517583288,
    1.443699836598471,
    1.4793829893702082,
    1.5129560350342635,
    1.544902792584815,
    1.5769779906923764,
    1.606898496670654,
    1.6273401227769853,
    1.6474569984430678,
    1.6675233770238957,
    1.68718864058064,
    1.7067127725303415,
    1.7229343922983027,
    1.7386967098819106,
    1.750033869116562,
    1.7623656733913577,
    1.7734611069563986,
    1.7843697654773436,
    1.7942586253670152,
    1.8043159590269644,
    1.8142316589188763,
    1.8238846279458274,
    1.8330911618195183,
    1.8428685918676333,
    1.8520394609364157,
    1.8607632784203743,
    1.869322236450933,
    1.877305256298503,
    1.884062266321271,
    1.8916151385895885,
    1.898045156910217,
    1.904589427546167,
    1.910609017201077,
    1.9166402530966833,
    1.9239444916424988,
    1.9297435583459368,
    1.9362281121264662,
    1.9415757047147935,
    1.9476549518230728,
    1.9534421650343337,
    1.9586837136614355,
    1.9639188474519402,
    1.9693577564407718,
    1.9747186849704477,
    1.9792254579656046,
    1.9840112863107775,
    1.988827062057175,
    1.9931786589530045,
    1.9969764047929575
  ],
  "elbow_scores": [
    2288.9435119628906,
    2186.8560104370117,
    2107.662384033203,
    2037.1198806762695,
    1970.7061233520508,
    1907.0902862548828,
    1849.1110382080078,
    1809.662509918213,
    1772.230266571045,
    1736.540615081787,
    1701.2192497253418,
    1667.2394981384277,
    1638.0087547302246,
    1612.695743560791,
    1592.3796977996826,
    1572.4009838104248,
    1553.701889038086,
    1535.2089805603027,
    1518.8109321594238,
    1502.7673931121826,
    1487.182222366333,
    1471.7333316802979,
    1456.5843868255615,
    1441.9984645843506,
    1428.0646667480469,
    1414.7400398254395,
    1401.4280414581299,
    1389.4910526275635,
    1378.6602172851562,
    1368.5096321105957,
    1358.594822883606,
    1349.0207967758179,
    1339.5216360092163,
    1330.0377311706543,
    1320.8850364685059,
    1311.922420501709,
    1303.0273094177246,
    1294.6241645812988,
    1286.351710319519,
    1278.1471281051636,
    1270.0497026443481,
    1262.5769548416138,
    1255.1820602416992,
    1248.0690383911133,
    1241.5205364227295,
    1235.0152416229248,
    1228.5579671859741,
    1222.2668104171753,
    1216.0840692520142
  ],
  "ch_scores": [
    246.54594999964152,
    208.74661571931352,
    187.13554916727412,
    174.73336923101488,
    167.46596705674378,
    163.14291579955344,
    159.46257439966612,
    151.82402939188614,
    145.76740992883316,
    140.8538991917536,
    137.1018222828259,
    133.9869038707064,
    130.52584217984744,
    126.8863452763144,
    122.79824252660937,
    119.25422461876552,
    115.96516529849595,
    113.0853672168339,
    110.19037562503581,
    107.58169792498987,
    105.19774290685392,
    103.06108189340407,
    101.11173898293191,
    99.28092836130004,
    97.53591834217664,
    95.86905150632312,
    94.36114096199083,
    92.78616134344654,
    91.18215588949194,
    89.6082371112806,
    88.12230902648773,
    86.70014718557314,
    85.37169743546936,
    84.13687162596965,
    82.94494920190014,
    81.8098286170535,
    80.74242124000457,
    79.68202512676122,
    78.67242498394346,
    77.71741288144909,
    76.80799304219917,
    75.87656653915,
    74.98910056643308,
    74.11779392186625,
    73.22687516250507,
    72.37720809584951,
    71.56556379753931,
    70.77588693441969,
    70.01296449803084
  ],
  "aggregated_scores": [
    0.2730769757181406,
    0.2563022780171328,
    0.2418820525528128,
    0.29346679808953813,
    0.3458045799657955,
    0.3802919214520868,
    0.4349217410313623,
    0.45841698648023554,
    0.4753375896213178,
    0.503556325940304,
    0.532512239433435,
    0.5589502330500244,
    0.5816137150744064,
    0.586937246712748,
    0.6022042089514509,
    0.6143606717068458,
    0.6212850332106832,
    0.6291415004887523,
    0.6401176607746764,
    0.634254478726957,
    0.6413394589292827,
    0.6536219702281674,
    0.6643305010780682,
    0.6744264526970761,
    0.6715913494124883,
    0.6513646892487388,
    0.6617049819631855,
    0.6652588449581467,
    0.6736075382825724,
    0.6827839400351405,
    0.6886313231672296,
    0.6839261971711155,
    0.6858517759492484,
    0.6935311802700264,
    0.700997802361239,
    0.7071173836953513,
    0.7105365939666151,
    0.7159295303445468,
    0.7213900227085476,
    0.7124180461230138,
    0.6792130806868384,
    0.6829327321151855,
    0.6887821802405426,
    0.6939456636228342,
    0.6822617321884533,
    0.6763792408213973,
    0.6819101629779779,
    0.681898938339719,
    0.6774113327264786
  ],
  "optimal_k": 40
}