{
  "n_clusters": 47,
  "silhouette_score": 0.10297132283449173,
  "calinski_harabasz_score": 254.16239652425023,
  "cluster_sizes": [
    1011,
    562,
    617,
    395,
    224,
    327,
    496,
    406,
    377,
    560,
    297,
    671,
    273,
    539,
    384,
    335,
    453,
    124,
    567,
    479,
    329,
    544,
    311,
    319,
    508,
    348,
    252,
    218,
    169,
    234,
    132,
    254,
    250,
    180,
    169,
    277,
    161,
    141,
    434,
    125,
    859,
    267,
    191,
    187,
    137,
    168,
    659
  ],
  "min_cluster_size": 124,
  "max_cluster_size": 1011,
  "avg_cluster_size": 360.0,
  "std_cluster_size": 196.34099733382877
}