{
  "k_values": [
    2,
    3,
    4,
    5,
    6,
    7,
    8,
    9,
    10,
    11,
    12,
    13,
    14,
    15,
    16,
    17,
    18,
    19,
    20,
    21,
    22,
    23,
    24,
    25,
    26,
    27,
    28,
    29,
    30,
    31,
    32,
    33,
    34,
    35,
    36,
    37,
    38,
    39,
    40,
    41,
    42,
    43,
    44,
    45,
    46,
    47,
    48,
    49,
    50
  ],
  "silhouette_scores": [
    0.04023446887731552,
    0.041162729263305664,
    0.04019274562597275,
    0.04763126000761986,
    0.05732731521129608,
    0.06470398604869843,
    0.06023205816745758,
    0.06135781854391098,
    0.0664486512541771,
    0.06924033164978027,
    0.06717559695243835,
    0.07169534265995026,
    0.07576148211956024,
    0.07866371423006058,
    0.08251749724149704,
    0.08046132326126099,
    0.08437403291463852,
    0.08737621456384659,
    0.08888126164674759,
    0.09163837134838104,
    0.09490178525447845,
    0.0926421508193016,
    0.09520871192216873,
    0.09652858227491379,
    0.09837400913238525,
    0.10032688081264496,
    0.10244869440793991,
    0.10377006232738495,
    0.09631049633026123,
    0.09700556099414825,
    0.09918910264968872,
    0.09645761549472809,
    0.09759338200092316,
    0.0989687442779541,
    0.09947004169225693,
    0.1006554365158081,
    0.10163822770118713,
    0.10025785863399506,
    0.1002596989274025,
    0.10047322511672974,
    0.1017531082034111,
    0.10216638445854187,
    0.10323972254991531,
    0.1028682217001915,
    0.1017375960946083,
    0.10297132283449173,
    0.09004915505647659,
    0.09074753522872925,
    0.09096700698137283
  ],
  "gap_scores": [
    1.5607108014090691,
    1.5984285652324655,
    1.6262789528600141,
    1.652556032095852,
    1.6757982150924509,
    1.697817615986267,
    1.7194109134721778,
    1.7395222598264137,
    1.7549128066190445,
    1.7702560889170709,
    1.784487719852132,
    1.7982316909906668,
    1.8118510527214227,
    1.8233337342077771,
    1.8344383293802409,
    1.8453722079822192,
    1.856119088634978,
    1.866336077825169,
    1.8764293647962713,
    1.8861517251600262,
    1.8956346208054633,
    1.9042714526115976,
    1.9120842005088878,
    1.9193980441234118,
    1.9268117624260128,
    1.933573367991304,
    1.9407141708544042,
    1.9475053060033822,
    1.9540496326216648,
    1.9601315092134612,
    1.9662185936522274,
    1.972173284855515,
    1.9777113973625688,
    1.982881243009226,
    1.988168295611235,
    1.9930663872470245,
    1.9980623625034806,
    2.003360307713873,
    2.008065588289103,
    2.0130840209130145,
    2.0180755821772856,
    2.0222652957738845,
    2.026849848129226,
    2.0308360331521005,
    2.0351490463866195,
    2.039136241792944,
    2.04316836046136,
    2.0470937895371346,
    2.05113539789542
  ],
  "elbow_scores": [
    12173.1337890625,
    11720.771484375,
    11395.983825683594,
    11096.258117675781,
    10836.956512451172,
    10601.339935302734,
    10369.506439208984,
    10161.590240478516,
    10005.214385986328,
    9850.286407470703,
    9707.09359741211,
    9571.840911865234,
    9441.672805786133,
    9331.603500366211,
    9225.126922607422,
    9123.108184814453,
    9023.833587646484,
    8930.71957397461,
    8838.277755737305,
    8751.289260864258,
    8667.80403137207,
    8590.571960449219,
    8522.621002197266,
    8457.686660766602,
    8394.488418579102,
    8333.409080505371,
    8274.608573913574,
    8217.048892974854,
    8160.456295013428,
    8109.95694732666,
    8059.955009460449,
    8010.694038391113,
    7965.339996337891,
    7921.260581970215,
    7879.6223487854,
    7838.498512268066,
    7797.447021484375,
    7757.195098876953,
    7716.95924949646,
    7676.832021713257,
    7638.447072982788,
    7603.34015083313,
    7569.299386978149,
    7536.589868545532,
    7504.109521865845,
    7471.809030532837,
    7440.314340591431,
    7409.234392166138,
    7378.444246292114
  ],
  "ch_scores": [
    661.4921709653487,
    669.9456754602563,
    620.0341815592121,
    591.782804322752,
    565.6677257067994,
    544.4871300266622,
    531.1243276572424,
    517.466398552203,
    496.4976528933147,
    480.44410863679605,
    465.8582395256359,
    452.9537696950326,
    441.7792763716899,
    429.28063009496856,
    418.2694806963018,
    408.3027030732648,
    399.4275242846573,
    390.9374262257678,
    383.51657146555044,
    376.3394212835392,
    369.59950616168857,
    362.8552278497853,
    355.6825173498397,
    348.86375850760953,
    342.49809967751895,
    336.48140398010736,
    330.7481419650574,
    325.3765230943372,
    320.35562893701405,
    315.09246493646907,
    310.18136608424055,
    305.56326973344176,
    300.88682408196007,
    296.4084448149786,
    291.9931862915922,
    287.8151338073095,
    283.8961342834678,
    280.14822561964746,
    276.62861717690396,
    273.3123298323404,
    270.03893613969257,
    266.66629286292647,
    263.38561345006957,
    260.1659237435844,
    257.0934138918166,
    254.16239652425023,
    251.31240177224382,
    248.56868571314257,
    245.93416577156236
  ],
  "aggregated_scores": [
    0.24517982265013008,
    0.29662791721275783,
    0.29451741887122584,
    0.3361331641092319,
    0.38423080238561935,
    0.42425923012402456,
    0.421891311256039,
    0.4393582156505487,
    0.4630122940675241,
    0.4804240475458489,
    0.4784261040914659,
    0.5026485449572696,
    0.525778686115538,
    0.5414141841375179,
    0.5612883540130735,
    0.5582195911663683,
    0.5790269885382333,
    0.5958897177322128,
    0.6073976959219568,
    0.6234993260484807,
    0.6415449183838099,
    0.6371127541981376,
    0.6505016268780314,
    0.6587853360892607,
    0.6693631837896766,
    0.6801263707436462,
    0.6917954606582598,
    0.7002873197427238,
    0.6742811616672968,
    0.6796445056590519,
    0.6910451760133223,
    0.6831855087534051,
    0.6900822443746696,
    0.6977837279986346,
    0.7020178776169704,
    0.7088568038866128,
    0.7150979190240692,
    0.7122596846562359,
    0.7146882403567419,
    0.7182230536794157,
    0.7258717572269391,
    0.7294745991062598,
    0.7358728311042791,
    0.7362511749688956,
    0.7338859072106394,
    0.74072574424696,
    0.6919301453350026,
    0.6966802029221586,
    0.6996555626392365
  ],
  "optimal_k": 47
}