model,rbo_mean,rbo_std,n_features
deepseekr1_8b,0.5959553580547533,0.16871931782689262,99
gemma3_4b,0.6399183861229506,0.19606041503400526,99
gptoss20b,0.5908618711330383,0.1816283633428896,99
llama31_8b,0.5001372162166637,0.20729701262974567,99
mistral_open,0.6174865489080577,0.2206943116010055,72
qwen3_8b,0.6201842957574188,0.15915934192177125,99
