model1,model2,rbo_mean,rbo_std,n_features
anthropic,mistral,0.5842121783281532,0.18311364134331215,16
gemini,anthropic,0.4307411817390054,0.20069911424132733,16
gemini,mistral,0.4154606997911715,0.20377999320532647,16
openai,anthropic,0.4621359226354477,0.25149748236581354,16
openai,gemini,0.43191893765006906,0.22465074140794214,16
openai,mistral,0.45528101475274635,0.2735640663318619,16
