model,rbo_mean,rbo_std,n_features
anthropic,0.8480282095578575,0.08238303516460004,16
gemini,0.5769012813258217,0.1825759650371905,16
mistral,0.8661005454844563,0.07748451538253202,16
openai,0.807821688294721,0.1902936879566508,16
