criterion,guided_external_mean,guided_external_std_across_features,n_features,blind_external_mean,delta
Popularity and Market Reach,0.476844122588727,0.16197887451313867,16,0.4725256501225266,0.004318472466200374
User Engagement,0.4737612030451102,0.16926200614126855,16,0.4725256501225266,0.0012355529225835937
Platform and Device Compatibility,0.45549771848048165,0.15161934038157338,16,0.4725256501225266,-0.01702793164204497
Cross-Platform Synchronization,0.4512896179549448,0.16118255033477394,16,0.4725256501225266,-0.021236032167581798
Regional and Geographical Availability,0.443142086331914,0.17445467988800484,16,0.4725256501225266,-0.029383563790612632
Integration with Other Services,0.43900142428016165,0.1595268847528523,16,0.4725256501225266,-0.033524225842364974
Accessibility Features,0.4366114321995166,0.16912065785050695,16,0.4725256501225266,-0.03591421792301003
Performance and Stability,0.4363407118200897,0.15534527129855027,16,0.4725256501225266,-0.03618493830243691
Feature Breadth and Richness,0.43394210977434855,0.18479875697417933,16,0.4725256501225266,-0.03858354034817807
User Interface and Experience,0.4277621917009792,0.17520372049220986,16,0.4725256501225266,-0.04476345842154744
Regular Updates and Maintenance,0.4275640195523225,0.16546237532499566,16,0.4725256501225266,-0.044961630570204136
Customer Support,0.42308301066853016,0.15785552982553505,16,0.4725256501225266,-0.04944263945399646
Cost and Pricing,0.3639037668828672,0.13391625011713731,16,0.4725256501225266,-0.10862188323965943
User Ratings,0.35319564944513193,0.13281265405288875,16,0.4725256501225266,-0.11933000067739469
Security and Privacy,0.3399092012802639,0.13461725781466743,16,0.4725256501225266,-0.1326164488422627
Customization Options,0.3317503729089752,0.09725720152238242,16,0.4725256501225266,-0.14077527721355143
