cohort_pair,blind_external_mean
cross,0.4633730039981755
open,0.44397342548836966
proprietary,0.5766450468437382
