model,Average RBO
anthropic,0.6145682947564546
gemini,0.4805306618617019
mistral,0.6937727654576756
openai,0.40629653628235224
perplexity,0.27986480579760803
