model,Average RBO
openai,0.3740864989056392
mistral,0.6480948352485119
gemini,0.41797522710109225
