,anthropic,gemini,mistral,openai,perplexity
anthropic,0.23075008,0.2202099710702896,0.25660526752471924,0.24311280250549316,0.22968143224716187
gemini,0.2202099710702896,0.25918204,0.2924072742462158,0.2801758348941803,0.2506846785545349
mistral,0.25660526752471924,0.2924072742462158,0.37198377,0.3354710638523102,0.28626617789268494
openai,0.24311280250549316,0.2801758348941803,0.3354710638523102,0.31885716,0.27499493956565857
perplexity,0.22968143224716187,0.2506846785545349,0.28626617789268494,0.27499493956565857,0.25496653
